<?xml version="1.0" encoding="UTF-8"?>
<beans xmlns="http://www.springframework.org/schema/beans"
       xmlns:xsi="http://www.w3.org/2001/XMLSchema-instance"
       xmlns:jpa="http://www.springframework.org/schema/data/jpa"
       xmlns:tx="http://www.springframework.org/schema/tx"
       xmlns:jdbc="http://www.springframework.org/schema/jdbc"
       xsi:schemaLocation="http://www.springframework.org/schema/beans http://www.springframework.org/schema/beans/spring-beans.xsd
http://www.springframework.org/schema/data/jpa http://www.springframework.org/schema/data/jpa/spring-jpa-1.0.xsd
http://www.springframework.org/schema/tx http://www.springframework.org/schema/tx/spring-tx-4.0.xsd
http://www.springframework.org/schema/jdbc http://www.springframework.org/schema/jdbc/spring-jdbc-3.2.xsd">

    <!-- Creates the datasource bean. -->
     <jdbc:embedded-database id="dataSource"
            type="DERBY">
            <jdbc:script location="classpath:/database/create-schema.sql" />
            <jdbc:script location="classpath:/database/insert-data.sql" />            
     </jdbc:embedded-database>
	
    <!--
        Creates the transaction manager bean that integrates the used JPA provider with the
        Spring transaction mechanism.
    -->
    <bean id="transactionManager" class="org.springframework.orm.jpa.JpaTransactionManager">
        <property name="entityManagerFactory" ref="entityManagerFactory"/>
    </bean>

    <!-- Enables annotation-driven transaction management. -->
    <tx:annotation-driven/>

    <!--
        Specifies the default settings that are compatible with Hibernate.
    -->
    <bean id="hibernateJpaVendorAdapter" class="org.springframework.orm.jpa.vendor.HibernateJpaVendorAdapter"/>

    <!-- Creates the bean that creates the JPA entity manager factory. -->
    <bean id="entityManagerFactory" class="org.springframework.orm.jpa.LocalContainerEntityManagerFactoryBean">
        <property name="dataSource" ref="dataSource"/>
        <property name="jpaVendorAdapter" ref="hibernateJpaVendorAdapter"/>
        <property name="packagesToScan" value="com.indra.formacio"/>
        <property name="jpaProperties">
            <props>
                <!--
                    Configures the used database dialect. This allows Hibernate to create SQL
                    that is optimized for the used database.
                -->
                <prop key="hibernate.dialect">org.hibernate.dialect.DerbyTenSevenDialect</prop>

                <!--
                    Specifies the action that is invoked to the database when the Hibernate
                    SessionFactory is created or closed.
                -->
                <!-- <prop key="hibernate.hbm2ddl.auto">validate</prop> -->

                <!--
                    Configures the naming strategy that is used when Hibernate creates
                    new database objects and schema elements
               
                <prop key="hibernate.ejb.naming_strategy">${hibernate.ejb.naming_strategy}</prop>
 -->
 
                <!--
                    If the value of this property is true, Hibernate writes all SQL
                    statements to the console.
                -->
                <prop key="hibernate.show_sql">true</prop>

                <!--
                    If the value of this property is true, Hibernate will use prettyprint
                    when it writes SQL to the console.
                -->
                <prop key="hibernate.format_sql">true</prop>
            </props>
        </property>
    </bean>

  
    <jpa:repositories base-package="com.indra.formacio.dao"/>
</beans>