<beans xmlns="http://www.springframework.org/schema/beans"
	xmlns:mvc="http://www.springframework.org/schema/mvc" 
	xmlns:context="http://www.springframework.org/schema/context"
	xmlns:xsi="http://www.w3.org/2001/XMLSchema-instance"
   	xmlns:jpa="http://www.springframework.org/schema/data/jpa"
    xmlns:tx="http://www.springframework.org/schema/tx"
    xmlns:jdbc="http://www.springframework.org/schema/jdbc"
	xsi:schemaLocation="
        http://www.springframework.org/schema/beans     
        http://www.springframework.org/schema/beans/spring-beans.xsd
        http://www.springframework.org/schema/mvc 
        http://www.springframework.org/schema/mvc/spring-mvc.xsd
        http://www.springframework.org/schema/context 
        http://www.springframework.org/schema/context/spring-context-4.0.xsd
        http://www.springframework.org/schema/data/jpa 
        http://www.springframework.org/schema/data/jpa/spring-jpa-1.0.xsd
		http://www.springframework.org/schema/tx 
		http://www.springframework.org/schema/tx/spring-tx-4.0.xsd
		http://www.springframework.org/schema/jdbc 
		http://www.springframework.org/schema/jdbc/spring-jdbc-3.2.xsd">
 
	<context:component-scan base-package="com.indra.formacio"/>

	<bean id="viewResolver"
		class="org.springframework.web.servlet.view.UrlBasedViewResolver">
		<property name="viewClass"
			value="org.springframework.web.servlet.view.JstlView" />
		<property name="prefix" value="/WEB-INF/jsp/" />
		<property name="suffix" value=".jsp" />
	</bean>

    <!-- Creates the datasource bean. -->     
	 <bean id="dataSource"
            class="org.springframework.jdbc.datasource.DriverManagerDataSource">
            <property name="driverClassName" value="oracle.jdbc.OracleDriver" />
            <property name="url"
                value="jdbc:oracle:thin:@localhost:1521:XE" />
            <property name="username" value="EXEMPLE_SCHEMA" />
            <property name="password" value="EXEMPLE_SCHEMA" />
        </bean>
        
    <!--
        Creates the transaction manager bean that integrates the used JPA provider with the
        Spring transaction mechanism.
    -->
    <bean id="transactionManager" class="org.springframework.orm.jpa.JpaTransactionManager">
        <property name="entityManagerFactory" ref="entityManagerFactory"/>
    </bean>

    <!-- Enables annotation-driven transaction management. -->
    <tx:annotation-driven/>

    <!--
        Specifies the default settings that are compatible with Hibernate.
    -->
    <bean id="hibernateJpaVendorAdapter" class="org.springframework.orm.jpa.vendor.HibernateJpaVendorAdapter"/>

    <!-- Creates the bean that creates the JPA entity manager factory. -->
    <bean id="entityManagerFactory" class="org.springframework.orm.jpa.LocalContainerEntityManagerFactoryBean">
        <property name="dataSource" ref="dataSource"/>
        <property name="jpaVendorAdapter" ref="hibernateJpaVendorAdapter"/>
        <property name="packagesToScan" value="com.indra.formacio"/>
        <property name="jpaProperties">
            <props>
                <!--
                    Configures the used database dialect. This allows Hibernate to create SQL
                    that is optimized for the used database.
                -->
                <prop key="hibernate.dialect">org.hibernate.dialect.Oracle10gDialect</prop>

                <!--
                    Specifies the action that is invoked to the database when the Hibernate
                    SessionFactory is created or closed.
                -->
                <!-- <prop key="hibernate.hbm2ddl.auto">validate</prop> -->

                <!--
                    Configures the naming strategy that is used when Hibernate creates
                    new database objects and schema elements
               
                <prop key="hibernate.ejb.naming_strategy">${hibernate.ejb.naming_strategy}</prop>
 -->
 
                <!--
                    If the value of this property is true, Hibernate writes all SQL
                    statements to the console.
                -->
                <prop key="hibernate.show_sql">true</prop>

                <!--
                    If the value of this property is true, Hibernate will use prettyprint
                    when it writes SQL to the console.
                -->
                <prop key="hibernate.format_sql">true</prop>
            </props>
        </property>
    </bean> 
 
 	<jpa:repositories base-package="com.indra.formacio.dao"/>
 
</beans>